{
  "summary": {
    "psnr": {
      "mean": 10.936059150099755,
      "std": 3.415726052409357,
      "min": 4.804877758026123,
      "max": 25.7470703125,
      "median": 9.850280284881592
    },
    "lpips": {
      "mean": 0.5634747851639986,
      "std": 0.05058702370763382,
      "min": 0.35952818393707275,
      "max": 0.6928737163543701,
      "median": 0.5706473588943481
    },
    "ssim": {
      "mean": 0.0961128418581211,
      "std": 0.1436032521896486,
      "min": -0.2993907928466797,
      "max": 0.749792754650116,
      "median": 0.05122016556560993
    }
  },
  "config_path": "/mnt/hitchcock/scratch/oberon/RAE/configs/stage2/training/ImageNet256/DiTDH-S_DINOv2-B_UI.yaml",
  "checkpoint_path": "/mnt/hitchcock/scratch/oberon/RAE/results/stage2_test/020-DiTwDDTHead-Linear-velocity-none-bf16-acc1/checkpoints/0045000.pt",
  "data_path": "/mnt/hitchcock/scratch/oberon/action_window_segments/dataset/validation_dataset_segments_2tutorials",
  "num_samples": 160,
  "detailed_metrics": {
    "psnr": [
      15.98768424987793,
      10.545795440673828,
      13.427152633666992,
      10.725339889526367,
      13.406604766845703,
      9.27333927154541,
      8.680237770080566,
      8.73044204711914,
      8.821850776672363,
      9.807465553283691,
      8.855125427246094,
      8.619752883911133,
      9.151317596435547,
      10.574498176574707,
      9.209805488586426,
      13.873225212097168,
      9.291029930114746,
      8.78969955444336,
      15.031045913696289,
      10.606121063232422,
      14.140281677246094,
      14.303306579589844,
      12.372056007385254,
      14.409383773803711,
      14.195686340332031,
      10.625877380371094,
      7.925177097320557,
      8.96800422668457,
      12.008747100830078,
      12.727344512939453,
      9.37928581237793,
      11.690242767333984,
      11.996935844421387,
      9.271716117858887,
      13.218244552612305,
      9.034322738647461,
      12.870831489562988,
      11.498172760009766,
      14.884946823120117,
      12.450661659240723,
      11.778921127319336,
      12.25941276550293,
      12.049308776855469,
      12.02984619140625,
      11.85006332397461,
      14.197319984436035,
      13.130525588989258,
      12.057672500610352,
      12.139066696166992,
      9.590998649597168,
      9.363485336303711,
      9.876116752624512,
      12.633734703063965,
      9.79306411743164,
      10.138440132141113,
      8.852911949157715,
      8.328401565551758,
      8.70926284790039,
      8.830591201782227,
      12.85693359375,
      17.70347785949707,
      17.32892608642578,
      17.661272048950195,
      17.75693702697754,
      11.39671516418457,
      9.849813461303711,
      9.830073356628418,
      9.332426071166992,
      11.187525749206543,
      11.358504295349121,
      10.932104110717773,
      10.414226531982422,
      9.228643417358398,
      11.590402603149414,
      9.511625289916992,
      12.448080062866211,
      8.774580001831055,
      8.852858543395996,
      8.499545097351074,
      8.474811553955078,
      8.919650077819824,
      9.339614868164062,
      8.597455024719238,
      9.330061912536621,
      8.789137840270996,
      9.525325775146484,
      8.799904823303223,
      8.819068908691406,
      9.508151054382324,
      11.192071914672852,
      12.284708023071289,
      7.587419509887695,
      6.281678199768066,
      7.305127143859863,
      9.225769996643066,
      9.249485969543457,
      8.752151489257812,
      8.678702354431152,
      9.657123565673828,
      9.24178695678711,
      9.447436332702637,
      9.699372291564941,
      13.031607627868652,
      6.9024658203125,
      9.459874153137207,
      8.658222198486328,
      8.652935981750488,
      8.671976089477539,
      8.351962089538574,
      21.614282608032227,
      21.336223602294922,
      13.027528762817383,
      10.230331420898438,
      10.846672058105469,
      9.284309387207031,
      19.298877716064453,
      9.458139419555664,
      13.585715293884277,
      8.539152145385742,
      19.279088973999023,
      12.016666412353516,
      12.836776733398438,
      9.828417778015137,
      12.63082504272461,
      8.140447616577148,
      12.745216369628906,
      12.637797355651855,
      11.464728355407715,
      11.529483795166016,
      10.69918441772461,
      9.937350273132324,
      8.329931259155273,
      10.104312896728516,
      10.296796798706055,
      9.690939903259277,
      10.117197036743164,
      8.680391311645508,
      9.83278751373291,
      9.840768814086914,
      10.00268840789795,
      10.220605850219727,
      5.304908275604248,
      5.073235034942627,
      5.161085605621338,
      4.804877758026123,
      5.018938064575195,
      5.327602386474609,
      24.30602264404297,
      25.7470703125,
      24.222278594970703,
      8.882912635803223,
      10.000319480895996,
      9.850747108459473,
      9.077311515808105,
      9.112759590148926,
      9.742542266845703,
      9.917143821716309,
      8.912243843078613,
      14.203530311584473,
      9.082666397094727
    ],